{"links_info":null,"nodes_info":null,"sockets_info":null,"nodes":null,"selection":null,"view":{"scroll":{"x":-647.93994140625,"y":-694.22509765625},"visible_rect":{"max":{"x":1833.6739501953125,"y":2068.31787109375},"min":{"x":-2062.476806640625,"y":-2209.80859375}},"zoom":0.314156204462051392}}